#{"t_start": 1701938071.153871, "env_id": "manipulator_mujoco/UR5eSBEnvPos-v0"}
r,l,t
-48.220356,21,5.01832
-36.897277,21,6.646874
-76.533875,21,8.305948
-53.382633,21,9.968163
-38.160443,21,12.515933
-52.262818,21,14.715852
-94.000912,21,16.896196
-95.780343,21,19.311141
-54.958314,21,21.550356
-76.377359,21,23.787196
-51.345595,21,25.985863
-62.878823,21,28.249674
-38.191202,21,30.475167
-35.418722,21,32.604777
-68.258473,21,34.777048
-29.778837,21,36.859012
-63.898222,21,38.926631
48.650283,11,40.022266
-40.163775,21,42.087759
-70.618683,21,44.181888
-40.201475,21,46.286074
-81.708772,21,48.33663
-33.516448,21,50.490185
-53.336913,21,52.587282
-42.141161,21,54.656279
-51.583189,21,56.728725
-42.662955,21,58.838299
-73.663134,21,60.997633
-50.44184,21,63.114234
-57.410497,21,65.167624
-45.331984,21,67.370198
-58.267926,21,69.416411
-39.422145,21,71.457281
-44.015095,21,73.508129
-43.498732,21,75.56604
-35.296246,21,77.699323
-68.527492,21,79.762318
-77.730998,21,81.816179
-67.90118,21,83.884253
-47.754748,21,85.932734
-82.450645,21,88.120933
-23.049739,21,90.16451
-54.14147,21,92.298696
-61.688297,21,94.365538
-53.934573,21,96.622057
-95.616145,21,98.761424
-86.820983,21,100.825058
-44.763813,21,102.862191
-68.44401,21,104.916933
-49.536276,21,107.029102
-45.397184,21,109.214011
-76.937817,21,111.281838
-61.383702,21,113.452772
57.282639,7,114.209062
-66.516983,21,116.310791
-44.885714,21,118.36858
-52.158244,21,120.425837
-77.892795,21,122.46725
-71.336371,21,124.527308
-37.636626,21,126.696669
-47.846411,21,128.770202
-56.265583,21,130.870012
-57.857307,21,132.9186
-69.368695,21,135.070599
-50.572496,21,137.212067
-44.17614,21,139.376384
-43.000967,21,141.534518
-42.672094,21,143.723328
-50.095179,21,145.788417
-34.418608,21,147.857143
-40.305276,21,149.939375
-38.75628,21,151.987797
-46.490785,21,154.122161
-53.602338,21,156.215552
-61.984454,21,158.304828
-30.179401,21,160.445547
-49.397648,21,162.561679
-48.17108,21,164.814934
-46.042109,21,167.129239
-55.858002,21,169.333303
-49.057841,21,171.533233
-40.676873,21,174.01996
-50.447737,21,176.214294
-69.514569,21,178.752422
-55.809129,21,180.899686
-38.830046,21,183.198905
-50.535667,21,185.369864
-28.53666,21,187.744029
-60.29732,21,189.849933
-23.120834,21,192.076164
-44.780576,21,194.230308
-57.131334,21,196.573007
-63.566633,21,198.831833
-49.546719,21,200.92159
-67.590851,21,203.173585
53.43367,10,204.27377
-55.886203,21,206.527899
-69.971917,21,208.897593
-50.222312,21,211.169721
-45.530651,21,213.475558
-88.340863,21,215.669561
-44.845905,21,217.908616
-34.784955,21,220.135931
-35.920918,21,222.360364
-46.602225,21,224.54063
-32.882741,21,226.838355
-31.380462,21,229.054657
-39.443616,21,231.409911
-71.696353,21,233.666961
-52.913494,21,235.914579
-38.704414,21,238.107118
-45.36332,21,240.342802
-32.119607,21,242.780348
-28.271256,21,245.045443
-40.288017,21,247.318252
-29.825956,21,249.586318
-45.063482,21,251.8206
53.780186,10,252.840515
-44.999091,21,255.016258
59.818104,2,255.225163
-58.390586,21,257.399315
-40.231092,21,259.544101
-44.329655,21,261.817096
-47.689714,21,263.996332
-60.20813,21,266.211327
-38.118023,21,268.35456
-23.910871,21,270.744918
-50.002392,21,272.940272
-37.909086,21,275.090669
-27.60564,21,277.277244
-42.76286,21,279.58472
-39.278366,21,281.834769
-32.26175,21,283.96909
-56.134806,21,286.050838
-56.403412,21,288.265811
-56.375433,21,290.49279
-29.123077,21,292.725776
-17.958629,21,294.779153
-59.554316,21,297.028123
-41.250802,21,299.38754
-71.388171,21,301.661045
-45.335717,21,303.968019
58.303569,6,304.678473
45.904692,15,306.339558
-24.939125,21,308.4302
-43.776654,21,310.566726
-68.39746,21,312.6877
-48.468937,21,314.808995
-47.171769,21,316.897453
-48.078736,21,318.994329
-30.254791,21,321.057912
-25.389359,21,323.116592
-26.806648,21,325.169592
-38.080953,21,327.226577
-36.482855,21,329.294612
-37.054034,21,331.422457
-22.92127,21,333.516187
-36.499427,21,335.584766
-24.807104,21,337.63686
47.463817,16,339.218336
27.219775,19,341.104024
-49.21512,21,343.167221
-48.300276,21,345.257109
-35.055305,21,347.310482
-37.115842,21,349.381289
-17.255225,21,351.447318
-47.371737,21,353.657403
-28.709886,21,355.721169
-17.103045,21,357.811548
-41.854505,21,359.885111
-30.849126,21,361.981906
47.491778,15,363.485675
48.283849,13,364.777095
-28.181437,21,367.028435
-24.895116,21,369.533994
55.692856,8,370.315191
-26.943084,21,372.465577
-38.525048,21,374.807608
-51.426545,21,376.857422
-38.156126,21,378.964464
-32.561151,21,381.153132
-47.137654,21,383.380834
-34.098753,21,385.508125
-36.78934,21,387.626859
-38.889141,21,389.801373
-36.637946,21,391.925293
-23.884107,21,394.207832
-33.181507,21,396.384264
-23.704183,21,398.588401
-23.603651,21,400.915605
-38.26602,21,403.103567
-34.443532,21,405.164798
-26.597577,21,407.237154
-39.484817,21,409.323637
-29.862142,21,411.380311
-48.924255,21,413.474573
-17.303576,21,415.608819
-47.205688,21,417.706577
-42.864335,21,419.822543
-31.346667,21,421.959492
-40.172636,21,424.112854
-35.03129,21,426.360114
-36.192936,21,428.796809
-45.762535,21,431.063508
-28.71812,21,433.389544
-29.04676,21,435.550092
-25.170181,21,437.727223
49.711442,14,439.150076
-37.132774,21,441.388138
59.969538,1,441.485031
-29.447677,21,443.607951
-22.687561,21,445.896808
-22.782244,21,448.10639
-25.70287,21,450.450026
-28.42774,21,452.753296
-34.634427,21,455.028229
59.133137,4,455.46428
-35.499064,21,457.724693
58.14007,5,458.297805
-46.950703,21,460.404225
-27.597907,21,462.581131
58.932382,4,462.994844
-24.809613,21,465.1973
56.087147,7,465.928383
-32.400413,21,468.108863
-33.868797,21,470.171817
-26.13361,21,472.246442
-31.05556,21,474.306288
44.771139,16,475.889052
-38.200239,21,478.176826
-26.445203,21,480.476457
-34.100414,21,482.666635
-32.64732,21,484.885674
-38.318254,21,487.083336
-35.61747,21,489.281598
-20.221388,21,491.485409
50.951796,11,492.677341
-31.902953,21,494.811483
-28.202969,21,497.154028
-68.067099,21,499.501211
-32.810015,21,501.586483
-40.165073,21,503.878592
-25.390812,21,505.98473
-29.184445,21,508.101244
-44.425496,21,510.241387
-64.408053,21,512.459285
40.241224,20,514.548234
-27.47248,21,516.612208
-27.001972,21,518.7212
-28.718521,21,520.778227
-50.759243,21,522.827689
-22.176307,21,524.902916
-18.257285,21,527.127963
59.725744,3,527.42352
-26.961957,21,529.478684
-29.172831,21,531.518514
59.179268,4,531.91497
-32.334167,21,533.977405
35.296681,18,535.718786
-33.137551,21,537.889446
-34.300129,21,540.187567
-29.417002,21,542.438724
-27.454575,21,544.533776
22.299647,19,546.695202
-17.91444,21,548.975535
-20.748985,21,551.102664
-20.2748,21,553.196656
-14.235344,21,555.264655
-19.889068,21,557.31954
-33.680288,21,559.485819
-37.766886,21,561.565161
58.011845,7,562.243749
-31.577067,21,564.389184
-58.662336,21,566.439469
58.498785,6,567.027347
49.457826,10,568.015629
-27.987495,21,570.086774
-32.724034,21,572.23553
-28.35363,21,574.306226
58.79497,4,574.68811
-38.38081,21,576.760499
46.594938,14,578.143444
53.882507,7,578.846442
-34.209181,21,581.016523
-13.982409,21,583.113071
-19.483455,21,585.177144
-46.793136,21,587.230169
-20.671598,21,589.293717
-45.12829,21,591.36351
44.8995,19,593.254461
50.942171,11,594.353916
-24.076734,21,596.428334
-19.482064,21,598.523732
-21.76772,21,600.69548
-24.078523,21,602.796401
42.449871,16,604.507552
-40.043805,21,606.648505
58.082844,5,607.144293
57.15073,8,607.941939
-14.732905,21,610.019448
-29.459212,21,612.079488
-43.841122,21,614.26144
-19.25932,21,616.352385
-34.56583,21,618.41747
-23.019073,21,620.516006
57.401151,7,621.207157
-23.77003,21,623.377212
40.343304,19,625.35479
-45.577844,21,627.416493
52.266255,12,628.601873
56.505778,6,629.287844
53.564224,10,630.269685
52.442897,11,631.353281
54.625943,9,632.245601
57.113888,6,632.835094
-28.098642,21,635.116439
-25.650616,21,637.229341
48.158226,17,638.945235
42.590425,18,640.776579
41.421748,16,642.325742
55.560656,7,643.005173
53.550037,11,644.091648
41.881447,15,645.622598
58.571037,6,646.226644
-18.637379,21,648.309045
-19.596289,21,650.364257
-37.594481,21,652.43566
58.119043,5,652.943339
44.02215,17,654.822398
56.403415,7,655.518431
-29.578666,21,657.640977
-26.781562,21,659.732892
-26.100891,21,661.807323
-44.228186,21,663.868547
-33.289986,21,665.925156
59.973693,1,666.021553
56.107592,7,666.714635
-44.034456,21,668.797091
55.426061,9,669.677578
50.0255,11,670.74085
54.714777,9,671.726273
-40.055045,21,673.794959
-29.252761,21,675.853916
40.780125,18,677.633851
56.927296,8,678.418119
55.765154,7,679.136991
57.209976,7,679.86753
-29.955822,21,681.958594
56.254701,8,682.748847
55.040812,9,683.716124
-30.979547,21,685.843792
49.80142,11,686.912691
-16.52848,21,688.983208
-39.370585,21,691.059289
53.402523,8,691.851043
-33.241541,21,693.935454
-31.532759,21,696.015737
-17.281984,21,698.076024
-47.788259,21,700.293048
-27.790566,21,702.462478
-35.05462,21,704.548747
-36.227166,21,706.693596
-18.167673,21,709.022061
53.532635,10,710.120631
-22.98459,21,712.191935
-28.74438,21,714.427876
-38.571531,21,716.507374
-24.473873,21,718.816112
-28.11969,21,720.866616
-20.824952,21,723.017107
35.933493,19,724.901069
-26.616276,21,727.055382
49.159828,10,728.044384
-15.670269,21,730.196115
-56.68716,21,732.24883
37.237593,20,734.255261
-20.0541,21,736.398579
-41.133013,21,738.492551
45.211986,20,740.455593
-45.018705,21,742.503273
-17.942839,21,744.676168
-23.207432,21,746.748993
-36.831865,21,748.815422
-31.297718,21,750.878728
-16.716572,21,752.94181
-59.837681,21,755.043039
-28.617883,21,757.108552
59.788822,2,757.300041
-29.316244,21,759.431914
-14.534,21,761.511312
45.357719,18,763.318242
-37.807615,21,765.391615
57.485941,9,766.292215
-21.080058,21,768.384496
53.81353,9,769.288043
-35.653024,21,771.430128
-17.074875,21,773.534549
56.394229,7,774.215889
41.35638,16,775.798353
55.763214,9,776.71116
-24.415274,21,778.945364
-22.295433,21,781.149653
55.691612,8,781.979414
53.783183,8,782.86068
52.782355,12,784.290751
56.735626,8,785.195
55.153874,8,785.976183
-14.923008,21,788.074834
-15.876576,21,790.166329
56.032775,9,791.052586
-29.5612,21,793.1249
-26.601233,21,795.212577
-41.002548,21,797.261074
-21.67311,21,799.342276
-30.085704,21,801.448586
58.123849,6,802.036105
43.764946,19,803.951421
59.032756,4,804.349042
25.06851,21,806.52612
-22.919729,21,808.593553
52.522127,10,809.576464
-31.246742,21,811.642284
59.658217,3,811.935519
52.221244,9,812.827619
40.345522,17,814.491205
59.009394,4,814.88992
45.996444,16,816.465009
-25.999615,21,818.546299
-22.585426,21,820.641036
57.079907,6,821.237432
-18.384048,21,823.316215
59.505777,3,823.612987
57.623575,5,824.101885
59.69174,3,824.395959
59.748022,3,824.691924
-17.612145,21,826.972216
-22.375,21,829.153005
32.18328,20,831.340749
-15.302563,21,833.529784
-22.706736,21,835.765062
-23.864982,21,837.89919
-22.004129,21,839.970615
44.49078,17,841.642506
-38.103265,21,843.872856
-10.016384,21,846.086604
-40.450168,21,848.262478
-29.025019,21,850.497283
-26.851267,21,852.706996
59.966705,1,852.806946
54.073039,9,853.693945
55.756988,10,854.766962
-43.905146,21,856.970393
55.474456,7,857.687088
-20.317546,21,859.794301
40.689987,19,861.747197
53.651565,13,863.051964
-11.186679,21,865.20457
-22.14206,21,867.27621
28.511471,21,869.35413
-29.616988,21,871.424358
53.239572,10,872.480677
58.226225,5,872.975332
59.735383,3,873.276442
47.415058,15,874.754313
-32.745919,21,876.829764
-30.30631,21,879.040426
50.875582,8,879.837038
-34.295682,21,881.916973
-13.257542,21,884.23998
-13.787106,21,886.466256
58.212905,5,886.961545
50.88067,9,887.860488
41.22147,18,889.698364
-27.826879,21,891.89325
58.154053,5,892.392794
-20.124892,21,894.580487
46.894035,19,896.471883
57.500628,6,897.114033
57.012549,6,897.711503
-20.929762,21,899.781432
-13.469109,21,901.854257
59.02533,4,902.245625
-45.00756,21,904.34363
48.096455,12,905.564893
-23.706063,21,907.666667
45.844425,11,908.763238
-34.187172,21,910.853895
37.551708,14,912.230002
-25.482569,21,914.643221
51.140867,12,916.019444
59.55482,3,916.398294
42.530464,17,918.300884
56.965947,7,919.072794
48.760884,13,920.528639
59.975098,1,920.626956
59.096823,4,921.024237
54.928517,9,921.917084
59.068125,6,922.508564
-29.661791,21,924.601889
-21.917162,21,926.680503
-17.369709,21,928.751571
-28.649886,21,930.862045
46.287234,14,932.333177
-38.307178,21,934.66331
-22.876803,21,936.747124
57.163997,7,937.440028
58.764623,6,938.117607
53.181016,9,939.069019
54.437677,9,939.967936
55.23041,10,940.959288
58.064096,5,941.452783
-27.29199,21,943.546522
-30.021836,21,945.717697
56.546393,6,946.320875
53.207008,8,947.105272
57.54645,6,947.719601
55.035647,10,948.829994
51.848782,12,950.03379
46.805088,12,951.336093
58.032707,9,952.215042
58.534094,5,952.715834
59.050758,4,953.108458
59.04329,4,953.510203
50.719772,10,954.505488
55.762428,8,955.305646
57.287792,6,955.894248
-39.784211,21,958.113461
57.90358,7,958.818835
43.030424,16,960.402528
44.079011,14,961.804764
-24.122926,21,963.899087
55.056641,10,964.93196
34.68071,15,966.411331
-16.664185,21,968.644861
-20.841504,21,970.742357
56.392704,7,971.428929
56.3167,7,972.114237
49.328838,18,973.922585
58.18015,6,974.592358
54.813647,8,975.393894
-33.945365,21,977.556788
54.280144,9,978.44497
59.967101,1,978.540828
57.404076,8,979.335329
44.041814,18,981.10146
57.256081,6,981.697401
-42.26966,21,983.778228
-30.951405,21,985.886152
-28.404373,21,987.969494
50.020746,15,989.440692
-42.529689,21,991.506141
59.972398,1,991.603347
56.640574,7,992.30235
46.815564,14,993.736053
52.212629,10,994.709633
55.300986,7,995.389637
47.696837,10,996.386491
51.751176,9,997.262134
58.467005,6,997.953752
-26.49606,21,1000.149263
-30.888545,21,1002.413381
59.163721,4,1002.82277
58.990906,5,1003.308563
55.141323,8,1004.085687
52.219051,11,1005.237239
59.135954,4,1005.640695
57.432951,6,1006.232545
58.131663,5,1006.73434
59.880394,2,1006.930142
54.540737,7,1007.627369
58.73673,6,1008.22623
49.761826,13,1009.556245
55.455084,9,1010.454769
52.148509,10,1011.462771
59.329591,4,1011.850784
54.229666,7,1012.544255
57.50165,7,1013.273725
34.23383,18,1015.152425
45.899576,16,1016.829782
-32.038947,21,1018.959276
57.678208,7,1019.644087
-23.661746,21,1021.969417
44.345965,16,1023.639423
58.162139,5,1024.131706
-27.253128,21,1026.258398
51.384501,11,1027.36513
36.607421,21,1029.444139
59.409955,4,1029.84144
55.572027,8,1030.742637
52.174471,13,1032.038462
44.555713,17,1033.751622
55.795821,8,1034.549691
53.813556,9,1035.4593
56.610723,6,1036.122611
-48.533424,21,1038.248207
58.743598,5,1038.738247
33.659004,16,1040.350712
50.671257,9,1041.253112
-25.758992,21,1043.416837
55.718628,8,1044.212204
55.695257,7,1044.905142
49.81787,14,1046.330674
51.008932,10,1047.30531
58.782936,4,1047.819492
-42.939596,21,1049.888018
55.746107,7,1050.591903
49.949004,10,1051.561669
51.907906,9,1052.450508
50.994193,9,1053.350626
45.032805,14,1054.860114
55.735135,8,1055.650084
-25.661811,21,1057.717
54.384156,7,1058.417407
58.940421,4,1058.813556
-16.954178,21,1060.883447
58.427074,6,1061.462579
56.991695,6,1062.051184
56.268341,8,1062.850795
58.222113,5,1063.337897
59.122631,4,1063.730516
55.36625,7,1064.417229
57.343258,7,1065.116786
58.845355,4,1065.575097
53.150951,11,1066.651326
-39.722499,21,1068.826731
48.742531,14,1070.205351
-38.648968,21,1072.262732
-28.295065,21,1074.313559
50.792603,15,1075.803415
52.067774,10,1076.78937
53.889941,10,1077.905159
43.839501,17,1079.56898
53.514113,8,1080.351839
59.860806,2,1080.543832
56.254532,7,1081.224477
-23.329503,21,1083.383347
56.068764,7,1084.080074
53.78423,11,1085.157627
43.963865,20,1087.137362
55.551337,10,1088.133397
-20.925217,21,1090.185802
57.895595,5,1090.662838
-29.188281,21,1092.741926
-25.642946,21,1094.794981
59.559362,3,1095.095849
-25.984081,21,1097.188152
55.686172,7,1097.878295
54.640024,7,1098.571253
50.503261,9,1099.464168
57.920796,5,1100.073488
38.973112,15,1101.563383
51.346897,10,1102.55349
44.594156,20,1104.549329
48.914218,11,1105.666374
39.851693,19,1107.653141
48.288803,15,1109.133038
58.643377,5,1109.622683
58.730146,5,1110.107411
47.858638,11,1111.215235
57.092414,6,1111.796447
-51.295421,21,1113.893607
-24.890398,21,1116.23547
58.993485,4,1116.744729
52.394781,13,1118.11272
59.170164,4,1118.530213
49.495334,14,1119.982714
55.029201,9,1120.946277
52.350719,11,1122.106383
57.894585,5,1122.614202
54.43601,10,1123.706264
-12.570193,21,1126.057776
52.982983,9,1127.022053
54.959268,8,1127.922501
49.981972,12,1129.230581
52.216171,13,1130.61141
57.604099,6,1131.22424
56.937603,6,1131.830629
58.459541,5,1132.407769
35.405565,20,1134.562206
48.483956,12,1135.841476
57.654206,8,1136.688973
58.566258,5,1137.20373
55.7309,11,1138.398266
-28.129243,21,1140.825333
59.199474,4,1141.259197
38.70723,14,1142.7656
58.356703,5,1143.279584
43.817101,17,1145.120528
50.433978,13,1146.445762
40.164308,18,1148.369875
56.219417,6,1148.968394
59.608381,3,1149.26476
54.935125,7,1149.95793
55.215023,7,1150.671499
54.019489,11,1151.77819
50.369848,13,1153.130822
57.567173,7,1153.922485
52.176133,11,1155.08214
59.557898,3,1155.374955
59.590705,3,1155.675626
-16.065447,21,1157.810396
57.645446,5,1158.327437
50.903562,10,1159.432565
58.211994,5,1159.935177
54.388087,9,1160.868713
38.572274,19,1162.836967
58.283337,5,1163.358
43.241694,20,1165.352395
49.845838,11,1166.451262
-25.783304,21,1168.564375
54.297934,7,1169.263092
54.086457,10,1170.24514
43.219805,16,1171.821263
53.314561,9,1172.794141
50.618603,9,1173.698845
56.463773,6,1174.290363
45.665852,18,1176.057033
54.49387,7,1176.74849
39.855553,16,1178.345613
46.01211,14,1179.726388
42.38408,14,1181.1004
54.79765,7,1181.874595
57.44976,6,1182.638069
46.816588,10,1183.705838
58.278292,5,1184.201952
58.532772,5,1184.689204
57.069495,8,1185.481419
58.478289,6,1186.164402
59.96568,1,1186.263835
58.994368,4,1186.652383
58.980014,4,1187.039523
44.608886,15,1188.616166
-24.38068,21,1190.690051
56.136796,6,1191.270241
55.263159,7,1191.954355
55.684906,7,1192.648504
57.983315,5,1193.232991
58.950422,4,1193.672567
50.461617,11,1194.838466
59.968605,1,1194.935096
54.202037,9,1195.894654
58.872177,4,1196.371197
59.013648,4,1196.768467
-19.070757,21,1198.898529
49.266155,12,1200.179373
59.818907,2,1200.396393
52.916119,9,1201.488848
55.958557,7,1202.179463
58.147152,5,1202.727488
45.263651,14,1204.360588
31.096873,18,1206.259843
58.859138,4,1206.689024
58.264219,5,1207.22611
59.976606,1,1207.340261
56.668492,7,1208.130604
54.363587,8,1208.995411
57.708902,6,1209.586917
38.841619,20,1211.685648
49.087977,11,1212.779785
58.899257,4,1213.184661
54.541348,7,1213.985446
-32.697308,21,1216.079834
54.569587,7,1216.803436
52.422706,11,1217.905379
56.127177,9,1218.810084
57.642875,6,1219.396834
52.928306,8,1220.228386
58.921451,5,1220.785179
40.026944,14,1222.330107
41.916788,13,1223.825778
59.840758,2,1224.048765
59.211182,5,1224.650255
56.711714,7,1225.38824
56.746062,6,1226.00335
57.66494,5,1226.535061
59.210057,5,1227.067487
51.546606,10,1228.145121
57.981375,5,1228.658563
54.578181,8,1229.541099
47.588817,16,1231.229608
54.73079,8,1232.027952
53.219556,8,1232.889242
48.740375,11,1234.219067
-34.383576,21,1236.294205
56.741927,6,1236.916344
56.478006,6,1237.517383
58.051528,5,1238.02789
56.217095,7,1238.828527
54.356683,9,1239.770484
59.12149,4,1240.208497
54.906192,9,1241.17305
-46.306071,21,1243.353837
-44.594145,21,1245.677645
56.580237,6,1246.331329
56.382357,6,1246.944637
56.302516,10,1247.985933
58.423039,7,1248.697275
55.755548,8,1249.493196
57.775977,6,1250.097368
58.805455,4,1250.516217
49.772819,11,1251.661588
56.21636,10,1252.698589
57.100645,6,1253.306263
51.757307,11,1254.46188
54.306366,8,1255.29565
56.065044,8,1256.166885
54.737671,9,1257.084193
53.528647,8,1257.871577
49.092949,12,1259.081863
58.758724,5,1259.60565
57.960118,5,1260.165555
50.628113,8,1261.009039
48.614719,12,1262.21555
53.919514,8,1263.03628
56.689528,6,1263.686463
58.291693,6,1264.334066
50.042918,10,1265.338655
58.809208,4,1265.732859
59.102532,5,1266.238432
54.165966,9,1267.152495
-32.90852,21,1269.363598
53.952562,9,1270.34053
53.989994,10,1271.388349
55.614099,7,1272.11407
59.395192,4,1272.530347
53.282888,11,1273.6656
59.81403,2,1273.861399
59.104383,4,1274.258508
-16.183955,21,1276.372885
59.094507,4,1276.773806
54.528282,9,1277.690336
56.031011,7,1278.435803
59.610784,4,1278.86449
55.366107,7,1279.594027
50.132534,13,1280.965615
-48.650603,21,1283.066274
53.202542,9,1284.000976
50.889232,9,1284.9478
59.863593,2,1285.166562
49.664786,12,1286.440994
59.691612,3,1286.748288
52.172733,12,1287.966223
55.88665,7,1288.689412
51.617679,11,1289.905899
45.29012,13,1291.283383
50.90487,11,1292.478483
56.880808,8,1293.301735
56.845636,6,1293.993474
54.349419,9,1294.943042
48.854824,14,1296.416775
59.03844,4,1296.827976
57.822244,6,1297.408443
59.265312,4,1297.827327
52.051036,9,1298.768998
44.004972,20,1300.824359
54.79521,7,1301.524776
55.52826,8,1302.381621
58.898836,4,1302.828303
58.64002,5,1303.345918
52.905926,12,1304.596562
57.173524,7,1305.330212
56.754044,6,1305.943287
59.620265,3,1306.280493
48.815023,10,1307.301623
54.641315,8,1308.090281
56.433456,7,1308.777796
59.018573,4,1309.18576
59.510215,3,1309.572608
56.759915,7,1310.271787
55.438183,7,1310.973871
57.935225,5,1311.595687
56.390886,6,1312.235746
58.738345,6,1312.842935
56.436331,6,1313.438778
46.051891,14,1314.868673
55.967284,8,1315.651337
53.591649,9,1316.570069
-31.276477,21,1318.624896
55.731049,8,1319.405534
56.836558,6,1319.996532
59.412045,4,1320.392164
58.862933,4,1320.781104
53.974228,8,1321.603665
59.06976,4,1322.067887
59.206765,4,1322.482512
54.28022,12,1323.701712
58.026728,6,1324.328069
59.136481,4,1324.729767
56.916604,6,1325.343987
47.892453,15,1326.926579
59.596923,3,1327.326458
58.456758,5,1327.828532
53.582592,10,1328.849139
52.181082,8,1329.694606
55.832006,8,1330.536351
55.812626,6,1331.176276
47.150228,13,1332.670997
47.672422,11,1333.819457
59.219256,4,1334.224433
57.858605,5,1334.757332
49.729604,11,1335.9286
55.487982,8,1336.770263
51.889592,14,1338.312279
56.492791,6,1338.908548
56.63653,6,1339.502492
-33.097984,21,1341.582922
51.84847,9,1342.512672
50.290566,10,1343.564166
56.855453,6,1344.220274
59.976224,1,1344.317109
57.871616,6,1344.909658
59.879677,2,1345.109317
59.829585,2,1345.301089
45.892608,10,1346.331972
59.604608,3,1346.651322
46.845435,12,1347.915215
59.66388,3,1348.22236
44.673351,19,1350.128117
52.065479,13,1351.436448
59.566141,3,1351.750529
22.469526,20,1353.953888
58.763913,6,1354.554781
-14.319065,21,1356.615877
56.032851,7,1357.376291
-14.013593,21,1359.605834
54.559427,9,1360.49261
56.396081,6,1361.221017
57.621756,7,1361.910249
57.839685,7,1362.608464
51.013723,9,1363.489776
56.815507,6,1364.072223
57.040772,6,1364.660132
58.273946,8,1365.452456
56.066942,7,1366.126145
58.619943,5,1366.619912
46.894133,14,1368.0061
56.185825,6,1368.598485
46.688504,12,1369.80002
58.830124,4,1370.19512
58.045936,7,1370.885541
57.925695,5,1371.378589
55.522324,7,1372.060581
54.909997,8,1372.851892
57.943444,5,1373.345851
52.953001,10,1374.324525
54.323287,7,1375.025358
59.124744,4,1375.411426
59.434651,3,1375.699653
54.24876,9,1376.643272
57.904374,5,1377.141439
59.866376,2,1377.339961
46.944593,16,1378.920448
59.860673,2,1379.12055
59.277898,4,1379.501944
54.77563,8,1380.283521
59.135579,4,1380.669192
59.412345,4,1381.060026
56.821946,8,1381.859356
59.34786,4,1382.291898
57.869746,5,1382.781569
54.666839,8,1383.566925
58.34739,6,1384.159492
54.185661,7,1384.899424
53.515001,9,1385.817461
55.095491,10,1386.802706
49.339991,14,1388.183908
59.615246,4,1388.578059
58.778184,5,1389.078572
52.505749,10,1390.083305
50.752775,9,1390.963633
55.930263,7,1391.651972
52.117349,11,1392.729497
50.924467,10,1393.718621
59.378023,4,1394.121907
57.362561,7,1394.80742
45.961872,13,1396.267066
58.850421,4,1396.715435
57.674076,5,1397.263501
50.63024,9,1398.16601
58.449983,5,1398.652488
58.960235,5,1399.234793
53.750284,9,1400.113094
56.476949,6,1400.695297
57.998979,6,1401.296721
54.851503,10,1402.307386
30.040156,20,1404.301224
51.193233,9,1405.180532
47.23041,12,1406.377639
45.328685,12,1407.555964
59.485601,3,1407.849108
-17.302692,21,1409.958919
54.197336,9,1410.861687
-27.380048,21,1413.018586
57.197717,7,1413.713151
58.777546,4,1414.105975
59.968857,1,1414.205264
59.856373,2,1414.400313
51.875356,10,1415.408024
58.046918,5,1415.942065
57.25238,6,1416.546
-23.789336,21,1418.746803
59.376737,3,1419.040115
59.476847,3,1419.329627
56.3408,8,1420.148593
57.683946,8,1420.937817
52.570403,8,1421.720023
54.328248,8,1422.499573
55.251318,8,1423.304279
59.832454,2,1423.497874
54.585396,8,1424.295488
57.277892,7,1425.005677
58.375286,5,1425.49977
53.856514,8,1426.309725
47.890497,15,1427.797118
51.133101,10,1428.781531
54.867535,9,1429.67722
58.959142,4,1430.083749
57.769795,5,1430.576575
53.052958,13,1431.870792
50.211168,13,1433.14814
54.07571,10,1434.229086
56.301283,6,1434.81173
56.634342,7,1435.510403
59.662874,3,1435.801419
53.721807,8,1436.638794
45.321168,11,1437.743418
59.602849,3,1438.037521
49.00426,10,1439.151938
56.128337,6,1439.741435
57.82925,5,1440.228106
59.232533,4,1440.617998
51.472489,10,1441.648203
59.549202,3,1441.971782
-39.339094,21,1444.124426
59.906588,2,1444.318578
55.34751,7,1444.999706
59.481759,4,1445.386377
59.011993,4,1445.795087
59.323836,4,1446.312781
49.787998,9,1447.206155
56.937188,7,1447.910666
54.210264,8,1448.688766
57.890749,5,1449.184583
58.030801,5,1449.678609
59.479739,3,1449.985779
53.73566,10,1450.968141
55.852586,7,1451.660496
54.333814,8,1452.459132
38.429096,19,1454.332219
59.810785,2,1454.526495
53.272645,8,1455.306295
58.744166,4,1455.691633
48.111492,11,1456.79536
58.099471,5,1457.311883
52.345768,9,1458.216752
50.11365,10,1459.216518
58.877785,4,1459.609126
-28.33009,21,1461.666594
54.362561,11,1462.762717
52.867426,13,1464.034973
53.716569,8,1464.846195
47.36947,14,1466.227348
39.07544,12,1467.412725
59.240007,4,1467.807583
19.397704,21,1469.879952
37.671541,15,1471.42396
53.87683,7,1472.122842
-12.154382,21,1474.263506
54.286577,7,1475.077804
54.460747,7,1475.76901
54.121768,8,1476.557534
59.037603,5,1477.053021
51.945928,11,1478.12501
52.841743,11,1479.216688
56.346031,7,1479.909624
50.988865,11,1481.107175
56.340107,7,1481.801522
58.156842,6,1482.445926
54.493112,7,1483.263495
57.092507,6,1483.94085
56.125847,7,1484.628438
56.793445,6,1485.306952
47.589435,14,1486.702089
58.215937,5,1487.38747
58.514149,5,1487.883539
57.725944,5,1488.371459
57.172343,6,1488.955117
51.493216,10,1489.939284
59.066955,5,1490.431277
59.016308,5,1490.921186
30.214275,20,1492.901491
53.948845,8,1493.700197
52.907499,8,1494.484083
53.881333,7,1495.168699
59.966636,1,1495.264319
59.248376,4,1495.66414
55.845775,9,1496.568741
58.728665,6,1497.177515
53.654393,8,1497.981786
52.281438,9,1498.857848
51.278648,10,1499.841048
57.195686,6,1500.429188
50.742165,8,1501.227226
58.202263,5,1501.858843
41.576845,12,1503.143528
55.174848,7,1503.909654
54.729504,7,1504.738919
59.374606,4,1505.144234
57.055552,6,1505.821058
59.864302,2,1506.018103
56.272628,6,1506.615378
54.224485,9,1507.50618
54.93717,7,1508.215
48.510169,16,1510.05898
59.842884,2,1510.304391
59.027614,4,1510.820026
59.527048,3,1511.11569
59.463741,3,1511.410562
48.447325,14,1512.801074
59.756465,3,1513.096165
50.641042,11,1514.303158
58.302784,5,1514.816757
-36.557427,21,1517.151687
57.513262,6,1517.825961
59.359221,4,1518.232069
52.409664,12,1519.416383
59.638159,3,1519.714123
37.539421,15,1521.265419
55.865872,7,1521.952142
55.192402,9,1522.867258
57.951347,7,1523.591813
51.830421,9,1524.557929
52.973251,10,1525.548342
31.057834,20,1527.507081
56.976023,6,1528.098621
58.223975,5,1528.677038
56.616949,7,1529.377495
46.170691,15,1531.040657
57.349654,6,1531.63664
54.745728,8,1532.42653
55.708559,7,1533.125873
44.041791,11,1534.225158
55.511413,8,1534.995237
52.244472,9,1535.877113
48.205036,9,1536.864285
59.017805,5,1537.380629
58.06422,6,1537.967849
56.711512,8,1538.766655
40.963931,14,1540.370169
48.772139,9,1541.351359
55.629008,8,1542.240346
58.918045,4,1542.636374
55.18947,12,1544.007438
54.021406,8,1544.870715
59.33594,4,1545.336614
56.539704,6,1545.99235
57.641162,7,1546.706604
58.775507,5,1547.285889
56.035956,9,1548.189057
47.748573,11,1549.274388
50.052932,9,1550.201149
55.44864,7,1550.944648
58.041832,5,1551.446446
52.459828,10,1552.528838
56.305613,6,1553.124097
53.354069,9,1554.008065
59.291802,4,1554.40817
-23.834227,21,1556.492906
55.723285,10,1557.499774
56.78065,7,1558.200408
59.009307,4,1558.59329
51.981861,8,1559.387062
55.342483,9,1560.318581
54.267101,9,1561.197098
56.329424,6,1561.856757
58.941562,4,1562.289219
57.486324,5,1562.863261
56.267711,7,1563.713263
59.843747,2,1564.055949
55.793349,7,1564.910158
59.291451,4,1565.432256
59.041325,4,1565.822779
59.660725,3,1566.136218
59.886282,2,1566.330021
48.996939,9,1567.219937
40.905029,16,1568.910378
-31.228431,21,1571.301091
56.971241,6,1572.023158
50.382724,10,1573.039683
59.21363,4,1573.483262
51.194557,10,1574.499629
54.179965,7,1575.201064
57.828756,6,1575.789889
59.500979,3,1576.080879
53.055124,11,1577.251315
56.798225,7,1578.070077
59.185907,4,1578.524194
57.769914,6,1579.158096
-32.371249,21,1581.453363
59.105339,4,1581.910403
56.325847,7,1582.790416
54.017602,10,1583.809417
55.121059,7,1584.507841
37.915107,19,1586.36951
47.37021,12,1587.544849
56.000491,8,1588.337918
49.326878,9,1589.217927
52.213244,8,1590.003677
46.198925,12,1591.395142
56.236275,7,1592.144782
56.948932,6,1592.736933
56.650762,8,1593.56307
-27.47079,21,1595.695295
52.055948,8,1596.479689
58.37847,5,1596.964113
50.487535,11,1598.176826
58.679039,5,1598.775727
49.071382,11,1600.062023
43.46795,14,1601.448828
57.224877,7,1602.139906
55.498163,7,1602.828827
57.562807,6,1603.411103
41.57391,15,1604.891966
54.397536,8,1605.704245
53.945867,9,1606.603291
56.421248,7,1607.424413
-35.828197,21,1609.611234
55.629379,7,1610.421443
59.574726,3,1610.798092
56.774761,7,1611.520729
53.557467,8,1612.371431
59.377264,4,1612.771973
59.495025,3,1613.06461
53.943145,7,1613.753375
55.144392,7,1614.462721
58.01245,7,1615.144265
53.29174,8,1615.936447
58.539709,5,1616.444891
49.232762,10,1617.449661
59.643791,3,1617.751162
55.783057,9,1618.653501
59.57533,3,1618.945946
41.305615,13,1620.223096
55.159933,7,1620.912122
-70.01496,21,1623.051569
54.133026,9,1624.043595
53.238434,9,1624.995692
50.23452,8,1625.85653
53.351057,9,1626.873125
40.485838,12,1628.253469
56.116577,6,1628.932117
58.255005,5,1629.444793
59.97788,1,1629.556626
57.17002,6,1630.171812
58.62664,5,1630.670417
56.815034,8,1631.513109
56.270818,6,1632.110168
52.000393,11,1633.380446
56.229192,7,1634.140834
59.1354,4,1634.555594
52.795028,9,1635.497109
59.858254,2,1635.708386
54.810483,7,1636.424245
55.05297,8,1637.267404
59.820827,2,1637.503514
57.034239,6,1638.115113
-23.640645,21,1640.388632
57.784125,7,1641.105762
57.562211,5,1641.603775
56.049581,8,1642.445471
58.340364,5,1642.97298
59.632367,3,1643.312791
58.227797,5,1643.86453
56.132334,7,1644.59713
58.966884,5,1645.097458
40.537204,17,1646.928453
57.787916,5,1647.421978
46.733475,11,1648.510098
59.627037,3,1648.816769
40.052353,14,1650.197383
57.911013,5,1650.687775
56.720701,6,1651.27471
54.191628,9,1652.171594
57.964052,5,1652.665309
53.166078,9,1653.543522
59.583053,3,1653.839747
52.292077,8,1654.642206
55.999944,6,1655.230317
57.389791,6,1655.872204
41.490932,13,1657.249692
59.61964,3,1657.558095
57.488785,6,1658.206268
58.245436,5,1658.731044
59.292668,4,1659.290517
56.291107,6,1659.930745
58.086052,5,1660.465529
55.269096,8,1661.272822
59.886574,2,1661.468485
57.9483,6,1662.053578
58.246987,5,1662.555368
54.478598,9,1663.436817
-22.335316,21,1665.739964
56.202247,6,1666.368224
55.793812,8,1667.242235
53.468454,9,1668.165267
56.634828,6,1668.76333
54.97558,7,1669.464165
59.304227,4,1669.964294
50.567984,10,1671.008395
58.306471,5,1671.543509
57.169402,6,1672.179345
54.68951,8,1673.042911
56.393871,8,1673.898821
42.606725,16,1675.635739
57.211174,6,1676.283384
55.03906,7,1676.994004
53.678249,10,1678.00786
58.427853,5,1678.495797
59.481634,4,1678.907201
50.112391,9,1679.836064
59.084664,4,1680.24444
55.557355,8,1681.142605
59.255482,4,1681.571092
59.473064,3,1681.87058
-46.233626,21,1684.041329
56.993756,6,1684.692735
59.549321,3,1685.006051
56.783004,7,1685.738101
56.773154,7,1686.527983
46.256253,18,1688.460285
47.425258,11,1689.633638
57.564447,6,1690.32121
56.07481,7,1691.108773
59.891253,2,1691.308211
59.812212,2,1691.502683
58.002764,6,1692.172536
58.388003,5,1692.71543
56.757398,7,1693.467474
54.654305,8,1694.32078
54.095195,7,1695.009183
56.814869,6,1695.616237
56.728161,7,1696.347277
57.967764,5,1696.851794
58.297008,5,1697.387393
48.901356,11,1698.637947
53.109326,8,1699.460843
49.653451,10,1700.476076
52.255881,9,1701.415887
44.985503,12,1702.65645
51.716248,10,1703.820321
58.350889,5,1704.372433
50.776583,9,1705.362791
49.388802,10,1706.350594
59.173678,4,1706.741946
55.904292,8,1707.560867
59.457879,3,1707.860656
44.366988,11,1708.949596
58.978546,4,1709.345598
55.575694,7,1710.021665
58.686162,5,1710.527486
58.874867,4,1710.914397
59.185614,4,1711.311178
59.198968,4,1711.692815
55.361565,7,1712.434479
58.861951,4,1712.876355
58.990718,4,1713.308558
52.662007,9,1714.239414
51.901667,10,1715.226804
45.613155,10,1716.267859
57.611205,5,1716.797556
55.026147,7,1717.524183
45.594441,11,1718.653261
45.901302,10,1719.663751
56.354158,6,1720.250832
53.294065,10,1721.250077
53.873119,9,1722.134042
57.837935,5,1722.641846
-29.260129,21,1724.72495
41.74976,14,1726.158015
56.759372,6,1726.736606
56.742594,6,1727.340785
29.642044,21,1729.514529
21.657329,19,1731.385025
49.065142,11,1732.46395
43.177803,16,1734.057655
58.040873,6,1734.648606
59.231111,4,1735.03979
59.85086,2,1735.244328
37.92408,18,1737.028031
56.034421,8,1737.836839
55.597197,7,1738.522364
46.575668,10,1739.499283
56.68001,7,1740.196733
59.846196,2,1740.391121
46.939937,12,1741.565428
54.844637,8,1742.359497
46.967124,11,1743.453832
59.629392,3,1743.751122
52.626496,9,1744.632915
52.921858,9,1745.524093
58.272802,5,1746.013831
32.05252,16,1747.58588
49.788,12,1748.764693
57.376709,6,1749.3587
59.963889,1,1749.456524
58.912038,4,1749.843327
56.943929,6,1750.438297
56.742084,6,1751.02188
54.163956,9,1751.904396
56.253276,8,1752.831155
56.902444,8,1753.636993
-26.54812,21,1755.712299
55.77237,9,1756.609342
59.101532,4,1757.007777
59.860529,2,1757.22261
-34.774361,21,1759.320666
37.780286,16,1760.900162
57.441545,7,1761.575395
58.697369,4,1761.964054
59.965359,1,1762.069395
57.168695,6,1762.675936
59.327921,4,1763.076553
52.753553,8,1763.85633
59.075927,4,1764.245435
54.488752,9,1765.130967
54.432764,7,1765.820026
49.820028,11,1766.912261
58.134526,6,1767.498241
59.547923,3,1767.803961
55.271536,7,1768.496277
59.873313,2,1768.699878
59.639484,3,1768.993247
50.799829,11,1770.054564
58.818323,4,1770.442628
59.604432,3,1770.740009
56.698981,7,1771.425493
54.882563,7,1772.121691
58.775363,4,1772.517034
44.454393,13,1773.913052
58.188464,5,1774.403635
58.912647,5,1774.891037
57.513259,6,1775.477378
59.181901,4,1775.896151
45.715585,13,1777.292813
-106.99113,21,1779.43714
59.486757,3,1779.729691
57.471726,6,1780.310035
57.687442,5,1780.799431
58.499512,5,1781.300623
52.871919,9,1782.183963
57.838947,5,1782.678681
15.144136,18,1784.448833
46.449353,18,1786.236605
54.892661,7,1786.911767
53.936423,8,1787.731583
58.72577,5,1788.218428
55.462369,7,1788.916124
54.303385,10,1789.909265
59.17955,4,1790.315948
54.947811,7,1791.044847
51.59413,17,1792.728981
59.108371,4,1793.123179
58.352031,6,1793.725583
35.706709,19,1795.596949
54.266512,8,1796.412888
58.24061,5,1796.948506
52.492552,9,1797.942266
28.8979,19,1799.970351
51.215253,11,1801.178669
58.03705,5,1801.665277
57.717234,6,1802.263069
54.889547,7,1802.944495
58.760925,4,1803.342632
50.63121,12,1804.631671
45.865667,11,1805.713432
49.186885,13,1806.990105
57.282627,6,1807.587295
53.08485,8,1808.392626
58.727699,4,1808.777475
53.767248,9,1809.678355
38.921287,18,1811.464759
51.260058,10,1812.453585
47.445146,10,1813.465831
53.246186,8,1814.338512
58.173507,5,1814.881807
54.11039,8,1815.717191
56.990207,6,1816.313844
59.585079,3,1816.617914
56.48495,6,1817.202642
58.708615,5,1817.702554
45.213961,13,1818.993806
47.921886,19,1820.879132
47.358877,15,1822.377287
59.451454,3,1822.673213
59.476134,3,1822.970017
53.74079,9,1823.858426
54.923735,7,1824.559274
-25.434549,21,1826.659262
59.883467,2,1826.855555
-33.932275,21,1828.971226
32.928628,15,1830.514815
58.436157,5,1831.012051
59.264807,4,1831.430158
54.23452,7,1832.125585
-28.760106,21,1834.366789
54.943537,8,1835.145904
58.096304,6,1835.748171
55.607807,7,1836.445863
51.261994,11,1837.541343
59.479603,3,1837.852575
59.678318,3,1838.151616
52.741053,10,1839.253043
59.263433,4,1839.647065
54.999767,9,1840.51776
57.792725,6,1841.105157
48.990855,12,1842.298764
58.986939,4,1842.690241
49.908634,14,1844.229297
59.045634,4,1844.667606
50.026853,12,1846.045079
55.741042,6,1846.663084
42.699447,12,1847.885203
58.814504,4,1848.277071
57.166498,7,1848.9733
57.920397,6,1849.555935
54.665595,8,1850.477638
58.328486,5,1850.964897
58.748493,5,1851.475496
57.032636,8,1852.258472
57.239246,6,1852.91362
59.875749,2,1853.106624
58.700714,7,1853.798599
34.808524,17,1855.498079
49.11467,9,1856.408927
58.973082,4,1856.801858
58.337288,5,1857.293169
53.474136,10,1858.296707
56.055434,7,1858.98967
47.3218,17,1860.703649
54.208251,10,1861.75235
53.339375,11,1862.917094
52.9042,8,1863.887284
47.322372,11,1865.127289
57.123617,8,1866.117043
52.992516,8,1866.958011
55.614973,7,1867.667235
59.410881,4,1868.062968
-60.338614,21,1870.137267
58.905964,4,1870.527815
50.79571,9,1871.439251
36.57741,15,1872.918049
59.522088,4,1873.312928
54.70534,8,1874.112293
58.015116,5,1874.598238
59.066405,5,1875.103003
54.651244,7,1875.789044
57.311412,6,1876.377151
46.769598,11,1877.463493
57.744036,6,1878.060617
-38.202716,21,1880.129028
38.701403,13,1881.402676
54.969731,7,1882.088907
57.393652,8,1882.872117
58.697099,4,1883.275528
52.443496,8,1884.060817
51.881867,12,1885.241181
44.310927,16,1886.821856
59.867724,2,1887.016444
57.54033,6,1887.614661
55.89995,7,1888.296967
59.200508,4,1888.694641
48.240106,12,1889.880008
38.690071,12,1891.07156
58.995621,5,1891.571806
38.557274,14,1892.941327
57.010836,6,1893.549556
58.084961,6,1894.149424
49.749969,14,1895.540179
57.681239,6,1896.120621
45.992402,16,1897.720538
46.315413,10,1898.707998
53.686585,8,1899.499265
47.029093,11,1900.706541
-34.413065,21,1902.766696
48.619758,11,1903.857301
57.282235,6,1904.446813
46.360741,10,1905.408717
57.124294,7,1906.091594
49.055906,13,1907.355163
-34.486187,21,1909.418337
59.503615,3,1909.708784
56.234413,7,1910.490498
46.653147,10,1911.535372
53.455429,8,1912.361173
58.135399,5,1912.854184
54.668148,8,1913.663936
51.984122,9,1914.561252
-31.281933,21,1916.63233
58.252532,5,1917.114566
56.766589,6,1917.71367
59.227698,4,1918.104625
52.274767,10,1919.06855
56.514131,6,1919.647828
59.501376,4,1920.041799
57.920611,5,1920.537935
58.037107,5,1921.027536
57.123909,6,1921.618558
56.573487,6,1922.22436
50.000189,13,1923.499729
57.145997,7,1924.183678
59.087128,6,1924.778948
55.510469,8,1925.57475
51.181041,8,1926.380225
56.287523,7,1927.135619
48.672199,14,1928.635677
53.427032,8,1929.425726
54.092754,8,1930.224195
43.286055,11,1931.307359
39.585999,14,1932.728355
53.038374,9,1933.624358
57.616304,7,1934.312525
28.768362,20,1936.268202
53.337996,8,1937.057567
57.185033,6,1937.667409
58.335075,5,1938.161186
45.906907,14,1939.526937
57.263569,6,1940.109222
51.436537,9,1940.977524
56.273447,6,1941.59697
50.581782,11,1942.74143
-24.734242,21,1944.818467
59.865533,2,1945.012911
43.406788,13,1946.366371
59.566627,3,1946.697956
50.712628,10,1947.692089
51.268722,9,1948.574207
57.697925,5,1949.099421
51.684757,9,1949.978777
-49.289202,21,1952.10425
59.682746,3,1952.393201
-16.462915,21,1954.485762
56.675054,7,1955.186591
55.548791,8,1955.978643
50.58891,12,1957.16414
37.049614,19,1959.204871
57.590048,5,1959.749579
59.848092,2,1959.949712
52.642925,11,1961.027421
59.599025,3,1961.326737
54.595762,8,1962.115145
58.316985,5,1962.61293
56.998386,7,1963.308734
56.712422,6,1963.893633
55.637871,7,1964.702002
58.682736,5,1965.192557
54.601863,7,1965.88729
56.172573,8,1966.682056
58.266235,7,1967.373552
59.03315,5,1967.87275
55.086218,7,1968.568433
54.5472,8,1969.350089
59.8426,2,1969.545585
50.25699,13,1970.816326
48.798358,16,1972.500038
31.62657,20,1974.47244
52.170838,11,1975.553565
55.632531,7,1976.255934
57.367338,6,1976.95331
47.216935,10,1977.954303
57.041507,6,1978.542577
45.041982,11,1979.648449
53.5494,9,1980.529734
58.894991,4,1980.924192
47.885666,10,1981.900759
56.939335,7,1982.589399
59.698671,3,1982.889171
52.973391,8,1983.797823
42.490478,17,1985.453844
47.760431,12,1986.627585
58.106929,5,1987.122181
56.641967,6,1987.71002
-27.844511,21,1989.772596
59.881638,2,1989.968227
53.402598,8,1990.789423
58.948784,4,1991.195745
56.669426,6,1991.780296
56.611461,6,1992.354347
56.867834,6,1992.93742
57.453795,6,1993.534276
58.874249,4,1993.922128
59.201866,4,1994.315412
51.203588,8,1995.094335
56.834249,6,1995.699234
57.498442,5,1996.18093
52.189536,10,1997.163588
41.081515,12,1998.378533
55.177845,8,1999.174729
56.347423,7,1999.878832
57.253654,6,2000.479464
47.235505,10,2001.525683
58.799345,6,2002.139458
50.608935,10,2003.146038
59.634112,3,2003.453491
57.575753,6,2004.071659
58.634271,5,2004.592813
52.7762,8,2005.370428
55.078082,8,2006.157916
54.606999,8,2006.945204
54.418612,7,2007.653595
59.197869,4,2008.054148
59.039316,4,2008.447582
54.28649,8,2009.241429
55.758857,7,2009.931835
53.487242,8,2010.725289
52.516908,9,2011.601308
55.142364,9,2012.495545
57.574739,6,2013.096286
55.013073,8,2013.996387
54.768269,7,2014.696938
53.962166,10,2015.684826
53.715167,9,2016.588309
24.852565,16,2018.156796
57.690591,5,2018.655369
39.078188,20,2020.600001
58.93228,4,2020.987966
56.155001,7,2021.678703
59.043089,4,2022.068108
56.152867,7,2022.779419
54.488562,7,2023.465694
56.658978,6,2024.036407
54.35547,8,2024.822723
55.981596,7,2025.50173
51.087049,11,2026.585711
57.652667,6,2027.173586
45.983977,12,2028.374038
59.196678,4,2028.76934
58.635934,4,2029.152554
56.802111,6,2029.734214
50.122388,13,2031.005036
50.395409,9,2031.913137
51.972196,10,2032.918292
58.591015,5,2033.431889
56.160683,8,2034.20721
43.651663,18,2035.966767
53.677148,8,2036.775339
59.611853,3,2037.077924
59.480189,3,2037.368373
54.287408,10,2038.355386
37.787034,14,2039.724576
57.182836,8,2040.50014
54.145724,7,2041.198658
50.698751,12,2042.378969
48.49402,12,2043.592336
53.447136,12,2044.780044
52.116894,10,2045.766542
58.83319,4,2046.15669
56.653128,7,2046.833963
54.768066,7,2047.539312
59.859044,2,2047.747251
58.695918,5,3106.653012
52.088573,11,3107.676685
59.692012,3,3107.944363
57.425568,6,3108.437406
59.343311,4,3108.803756
58.642432,6,3109.357398
50.859585,10,3110.180164
59.135817,4,3110.542701
51.906838,9,3111.294923
54.058119,9,3112.101029
58.95292,4,3112.451001
57.665157,6,3112.960662
53.957589,8,3113.643602
53.419214,8,3114.281983
52.671871,8,3115.032891
